"Key","en.json","id.json","ptg.json","tl.json","vi.json","zh.json"
"app_whgg","Maintenance bulletin","Buletin Pemeliharaan","Boletim de manutenção","Maintenance Bulletin","Bản tin Bảo trì","维护公告"
"app_zxkf","Online","Online","Online","Online","Trực tuyến","在线客服"
"navs_sy","Home","Beranda","Inici","Home","Trang chủ","首页"
"navs_hd","Promotion","Promosi","Promoção","Promosyon","Quảng bá","活动"
"navs_tgyx","Referral","Referral","Referência","Referral","Giới thiệu","推广"
"navs_xm","Rebate","Rabat","Rebate","Rebate","Hoàn tiền","洗码"
"navs_wd","Profile","Profil","Perfil","Profile","Hồ sơ","我的"
"loginBox_yzm","Verification code","Kode verifikasi","Código de verificação","Verification Code","Mã xác thực","验证码"
"activityDetails_hdsj","Activity time","Waktu aktivitas","Tempo de atividade","Oras ng iyong Activity","Thời gian hoạt động","活动时间"
"activityDetails_zt","Active status","Status aktif","Situação ativa","Status ng iyong Activity","Trạng thái hoạt động","活动状态"
"activityDetails_hdjxz","Activity in progress","Aktivitas sedang berlangsung","Actividade em curso","Kasalukuyang Activity","Hoạt động đang diễn ra","活动进行中"
"activityDetails_hdwks","Activity not started","Aktivitas belum dimulai","Actividade não iniciada","Activity na Hindi Nasimulan","Hoạt động chưa bắt đầu","活动未开始"
"activityDetails_hdyjs","Activity closed","Aktivitas ditutup","Actividades encerradas","Activity na Tapos na","Hoạt động đã đóng","活动已结束"
"activityDetails_hdgz","Award rules","Aturan penghargaan","Regras do prêmio","Mga tuntunin para makuha ang Award","Quy tắc trao thưởng","奖励规则"
"activityDetails_hdxz","Detailed rules of activities","Aturan kegiatan mendetail","Regras pormenorizadas das actividades","Detalyadong rules ng Activities","Quy tắc chi tiết của các hoạt động","活动细则"
"activityDetails_ljsq","Apply now","Terapkan sekarang","Aplique agora","Mag-Apply Na","Ghi danh ngay","立即申请"
"activityDetails_hdxgzl","Fill in relevant information of the activity","Isi informasi yang relevan dari aktivitas","Preencha as informações relevantes da atividade","Punan ng impormasyon tungkol sa Activity","Điền thông tin liên quan đến hoạt động","活动相关资料填写"
"activityDetails_qsr","Please enter...","Silakan masukkan...","Por favor, entre...","I-enter...","Vui lòng nhập...","请输入..."
"activityDetails_tj","Submit","Kirim","Submeter-me","Isumite","Gửi","提交"
"activityDetails_zwdl","Not logged in yet, please login first","Belum login, silakan login dulu","Não logado ainda, por favor Inscreva-se primeiro","Hindi pa naka-login, mag-log in muna","Chưa đăng nhập, vui lòng đăng nhập trước","暂未登录，请先登录"
"activityDetails_txwz","Please complete the information","Silakan lengkapi informasinya","Por favor preencha as informações","Ilagay ang kumpletong impormasyon","Vui lòng hoàn tất thông tin","请把资料填写完整"
"activityDetails_sqcg","Successful application","Penerapan berhasil","Aplicação bem sucedida","Matagumpay na Aplikasyon","Ghi danh thành công","申请成功"
"ChessListsIndex_zzjz","Loading","Memuat","A carregar","Naglo-loading","Đang tải","正在加载…"
"notice_gb","Close","Tutup","Fechar","Sarado","Đóng","关闭"
"activityEntry_qdlq","Check-in","Check-in","Entrada","Mag-sign in","Điểm danh","签到"
"activityEntry_yqd","Sign in","Login","Sinalização","Mag-sign in","Đăng nhập","已签到"
"activityEntry_qdcg","Sign in successfully!","Berhasil login!","Assine com sucesso!","Matagumpay na pag sign in!","Đăng nhập thành công!","签到成功!"
"activityEntry_htwpz","No sign-in list is configured in the background","Tidak ada daftar login yang dikonfigurasi di latar belakang","Nenhuma lista de login está configurada em segundo plano","Walang sign in list ang nasa background","Không có danh sách đăng nhập nào được cấu hình trong nền","后台未配置了签到列表"
"activityEntry_t","Day","Hari","Dia","Araw","Ngày","天"
"activityEntry_d","No.","Tidak.","Não.","Hindi.","Số","第"
"activityEntry_gxn","Congratulations! Claimed","Selamat! Diklaim","Parabéns! Cláusula","Kongrats! Nakuha mo na","Xin chúc mừng! Đã nhận","恭喜您！已领取"
"activityEntry_lj","Bonus","Bonus","Bônus","Bonus","Tiền thưởng","礼金"
"activityEntry_qiandao","Sign In","Login","Sinalização","Sign In","Đăng nhập","签到"
"gemaView_xdl","Not logged in yet, please login first","Belum login, silakan login dulu","Não logado ainda, por favor Inscreva-se primeiro","Hindi ka naka-login, mangyaring mag-log in muna","Chưa đăng nhập, vui lòng đăng nhập trước","暂未登录，请先登录"
"gemaView_yxwh","The game is under maintenance, please wait patiently!","Game dalam pemeliharaan, harap menunggu dengan sabar!","O jogo está em manutenção, por favor, espere pacientemente!","Kasalukuyang nasa maintenance ang laro, paki-usap na hintaying matapos ang maintenance","Trò chơi đang bảo trì, vui lòng kiên nhẫn chờ đợi!","该游戏正在维护中，请耐心等待!"
"userData_grzl","Personal data","Data pribadi","Dados pessoais","Personal na Impormasyon","Dữ liệu cá nhân","个人资料"
"userData_ck","Deposit","Deposit","Depósito","Deposit","Gửi tiền","存款"
"userData_lang","Language","Bahasa","Língua","Wika","Ngôn ngữ","语言切换"
"SharePage_qx","Cancel","Batalkan","Cancelar","I-kansela","Hủy","取消"
"SharePage_hd","All right","Baiklah","Está bem","All right","Được rồi","好的"
"performanceInquiry_yxtz","Valid bets","Taruhan valid","Apostas válidas","May bisang Taya","Khoản cược hợp lệ","有效投注"
"sharingTask_tj","Submit","Kirim","Submeter-me","Isumite","Gửi","提交"
"UserPage_zhye","Balance","Saldo","Balanço","Balanse","Số dư","账户余额"
"UserPage_ck","Deposit","Deposit","Depósito","Deposito","Gửi tiền","存款"
"UserPage_djxq","VIP","VIP","VIP","VIP","VIP","等级详情"
"washCode_gxn","Congratulations! The washout obtained","Selamat! Washout didapatkan","Parabéns! A lavagem obtida","Kongrats! Nakamit ang Kabuuang Washout","Xin chúc mừng! Đã được rửa sạch","恭喜你！本次洗码获得"
"washCode_zjzl","Good luck","Semoga beruntung","Boa sorte","Good luck","Chúc may mắn","请再接再厉"
"service_zkf","24/7 online support.","Dukungan online 24/7.","Apoio online 24/7.","24/7 na Online na Suporta.","Hỗ trợ trực tuyến 24/7.","24/7 在线支持"
"service_qadyh","Chat with professional online customer service to solve your problems","Silakan ngobrol dengan layanan pelanggan online profesional untuk menyelesaikan masalah Anda","Converse com atendimento ao cliente on-line profissional para resolver seus problemas.","Makipag-chat sa propesyonal na Online Customer Service upang masolusyunan ang iyong mga problema","Trò chuyện với dịch vụ khách hàng trực tuyến chuyên nghiệp để giải quyết vấn đề của bạn","与专业在线客服聊天，解决您的问题。"
"service_lx","Contact","Hubungi","Contacto","Makipag-ugnayan","Liên hệ","联系"
"serviceTabs_zxkf","Online","Online","Online","Online","Trực tuyến","在线客服"
"BindBankDialog_qr","Confirm","Konfirmasi","Confirmação","Kumpirmahin","Xác nhận","确认"
"DrawPop_srtxmm","Input withdrawal password","Masukkan kata sandi penarikan","Senha de retirada de entrada","Ilagay ang Password sa Pag-withdraw","Nhập mật khẩu rút tiền","请输入提现密码"
"BalanceRecords_zt","Status","Status","Estado","Estado","Trạng thái","状态"
"offlinebank_fzcg","Copy successfully","Penyalinan berhasil","Copiar com sucesso","Matagumpay na nakopya","Sao chép thành công","复制成功"
"BankSaving_xzqtfs","There is no payment method for the time being. Please select another payment method","Tidak ada metode pembayaran untuk saat ini. Silakan pilih metode pembayaran lain","Não há método de pagamento para o momento. Por favor, selecione outro método de pagamento","Walang paraan ng pagbabayad sa ngayon, pumili ng ibang opsyon.","Hiện tại không có phương thức thanh toán nào. Vui lòng chọn một phương thức thanh toán khác","暂无支付方式，请选择其他支付方式"
"BankSaving_zwcztd","There is no recharge channel for the time being.","Tidak ada kanal pengisian ulang untuk saat ini.","Não há canal de recarga por enquanto.","Walang recharge channel sa ngayon.","Hiện tại không có kênh tái nạp nào.","暂无充值渠道"
"BankSaving_zwcz","No recharge for the time being","Tidak ada pengisian ulang untuk saat ini","Sem recarga por enquanto","Walang recharge sa ngayon","Hiện tại không có khoản tái nạp nào","暂无充值"
"Bet_records_tzjl","Betting history","Riwayat taruhan","História das apostas","History ng Pagtaya","Lịch sử cược","投注记录"
"Bet_records_qb","All","Semua","Todos","Lahat","Tất","全部"
"DataList_ddh","Order No.","Order No.","Ordem não.","Numero ng Order","Lệnh Số","订单号"
"FundsDetail_jylx","Transaction Type","Tipe Transaksi","Tipo de transação","Uri ng Transaksyon","Loại Giao dịch","交易类型"
"DataList_jy","Transaction ","Transaksi ","transação","Transaksyon ","Giao dịch ","交易"
"DataList_lx","Type","Tipe","Tipos de","Uri","Loại","类型"
"DataList_zh","Conversion ","Konversi ","Conversão","Konbersyon ","Giao dịch ","转换"
"DataList_bz","Currency","Mata uang","Moeda","Pera","Tiền tệ","币种"
"DataList_bd","Change ","Ubah ","mudança","Pagbabago ","Thay đổi ","变动"
"DataList_je","Amount","Jumlah","Montante","Halaga","Số tiền","金额"
"DataList_qb","Wallet ","Dompet","carteira","Wallet ","Ví ","钱包"
"DataList_ye","Balance","Saldo","Balanço","Balanse","Số dư","余额"
"FliterBox_sj","Time","Waktu","Tempo","Oras","Thời gian","时间"
"levelDetails_djxq","VIP","VIP","VIP","VIP","VIP","等级详情"
"levelDetails_dqdj","Current membership rank","Peringkat keanggotaan saat ini","Classificação actual de membros","Kasalukuyang Membership Rank","Cấp thành viên hiện tại","当前会员等级"
"levelDetails_jjcj","Referral Bonus","Bonus Referral","Bônus de referência","Referral Bonus","Tiền thưởng Giới thiệu","晋级彩金"
"levelDetails_zlj","Weekly Bonus","Bonus Mingguan","Bônus semanal","Lingguhang Bonus","Tiền thưởng hàng tuần","周礼金"
"levelDetails_ylj","Monthly Bonus","Bonus Bulanan","Bônus mensal","Buwanang Bonus","Tiền thưởng Hàng tháng","月礼金"
"levelDetails_vipdj","Level","Level","Nível","Level","Cấp độ","VIP等级"
"levelDetails_lij","Referral Bonus","Bonus Referral","Bônus de referência","Referral Bonus","Tiền thưởng Giới thiệu","礼金"
"levelDetails_ylq","Received","Diterima","Recebido","Natanggap","Đã nhận được","已领取"
"levelDetails_klq","Available","Tersedia","Disponível","Available","Có sẵn","可领取"
"levelDetails_bklq","Not receivable","Tidak dapat diterima","Não disponível","Hindi maaaring matanggap","Không nhận được","不可领取"
"levelDetails_gxnlq","Congratulations! You have claimed successfully. ","Selamat! Anda telah berhasil mengklaim. ","Parabéns! Você alegou com sucesso.","Kongrats! Matagumpay mong natanggap","Xin chúc mừng! Bạn đã nhận thành công. ","恭喜你成功领取"
"PersonnalInfo_dh","Phone","Telepon","Telefone","Telepono","Điện thoại","电话"
"SafeCenter_aqzx","Security center","Pusat keamanan","Centro de segurança","Security Center","Trung tâm bảo mật","安全中心"
"SafeCenter_dlmm","Login password","Kata sandi login","Senha de login","Password ng Pag-login","Mật khẩu đăng nhập","登录密码"
"SafeCenter_tqmm","Withdrawal password","Kata sandi penarikan","Senha de retirada","Password ng Withdrawal","Mật khẩu rút tiền","提款密码"
"SafeCenter_tc","Log Out","Logout","sair","Mag-Log Out","Đăng Xuất","退出"
"SafeCenter_tcdl","Log Out","Logout","sair","Mag-Log Out","Đăng xuất","退出登录"
"SetPassword_qrmm","Confirm password","Konfirmasi kata sandi","Confirmar senha","Kumpirmahin ang Password","Xác nhận mật khẩu","确认密码"
"SetPassword_tqmmcdlw","The withdrawal password can only be 6 digits long","Kata sandi penarikan hanya dapat terdiri dari 6 digit","A senha de retirada só pode ser de 6 dígitos de comprimento","Ang Withdrawal Password ay dapat na 6 na digits lamang","Mật khẩu rút tiền chỉ có thể dài 6 chữ số","提款密码长度只能为6位"
"SetPassword_mmbyz","Passwords are inconsistent, please re-enter","Kata sandi tidak konsisten, silakan masukkan kembali","As senhas são inconsistentes, por favor re-enter","Hindi magkatugma ang mga password, ilagay ulit","Mật khẩu không nhất quán, vui lòng nhập lại","密码不一致，请重新输入"
"SetPassword_sztkmmcg","Setting the withdrawal password successfully!","Berhasil mengatur kata sandi penarikan!","Definir a senha de retirada com sucesso!","Matagumpay na na-set up ang Withdrawal Password!","Đặt mật khẩu rút tiền thành công!","设置提款密码成功！"
"SetPassword_mmcdxylw","Password length cannot be less than 6 bits","Panjang kata sandi tidak boleh kurang dari 6 bit","O comprimento da senha não pode ser inferior a 6 bits","Ang haba ng password ay hindi maaaring mas mababa sa 6 bits","Độ dài mật khẩu không được ít hơn 6 bit","密码长度不能小于6位"
"SetPassword_qcxdl","The login password was set successfully Please login again","Kata sandi login berhasil ditetapkan. Silakan login lagi","A senha de login foi definida com sucesso Faça login novamente","Matagumpay na nailagay ang log in password. Mangyaring mag-login muli","Mật khẩu đăng nhập đã được đặt thành công Vui lòng đăng nhập lại","设置登录密码成功,请重新登录"
"SiteMail_znxx","Message","Pesan","Mensagem","Mensahe","Tin nhắn","站内消息"
"SiteMail_queren","Confirm","Konfirmasi","Confirmação","Kumpirmahin","Xác nhận","确认"
"myPromotion_myklqfyjl","No commission rewards available","Tidak ada reward komisi yang tersedia","Sem recompensas de comissões disponíveis","Walang available na Commission Rewards","Không có sẵn phần thưởng hoa hồng nào","没有可领取的返佣奖励"
"myPromotion_lqcgl","Claimed successfully","Berhasil diklaim","Com sucesso","Matagumpay na Na-claim","Đã nhận thành công","领取成功"
"danwei_yi","100 million","100 juta","100 milhões","100 Milyon","100 triệu","亿"
"danwei_bwan","million","juta","milhões","Milyon","triệu","million"
"http_qtdfdl","Your account is logged in from somewhere else, you have been forced offline, if it is not your own operation, please change your password immediately.","Akun Anda login dari tempat lain, Anda terpaksa offline, jika itu bukan operasi Anda sendiri, harap segera ubah kata sandi Anda.","Sua conta está registrada em outro lugar, você foi forçado offline, se não é sua própria operação, por favor, altere sua senha imediatamente.","Ang iyong account ay naka-log in mula sa ibang lokasyon kaya ikaw ay na-log out. Kung hindi ikaw ito, palitan agad ang iyong password.","Tài khoản của bạn đã được đăng nhập từ một nơi nào khác, bạn đã bị buộc chuyển sang ngoại tuyến, nếu đây không phải là thao tác của bạn, vui lòng thay đổi mật khẩu của bạn ngay lập tức.","您的帐号在其它地方登录，您已被迫下线，如果不是您本人操作，请及时修改密码"
"http_dlsb","Your login information is invalid. Please login again.","Informasi login Anda tidak valid. Silakan login lagi.","Suas informações de login são inválidas. Faça login novamente.","Hindi valid ang iyong login. Mangyaring mag-login muli.","Thông tin đăng nhập của bạn không hợp lệ. Vui lòng đăng nhập lại.","登录信息失效,请重新登录"
"http_zhjy","Your account is temporarily disabled, please contact customer service","Akun Anda dinonaktifkan sementara, silakan hubungi layanan pelanggan","Sua conta está temporariamente desativada, entre em contato com o atendimento ao cliente","Pansamantalang naka-disable ang iyong account, makipag-ugnayan sa customer service.","Tài khoản của bạn tạm thời đã bị vô hiệu hóa, vui lòng liên hệ dịch vụ khách hàng","您的账号暂时禁用，请联系客服"
"http_qqljcw","Request path error!","Eror pada jalur permintaan!","Solicite erro de caminho!","Mali ang Request Path!","Lỗi đường dẫn yêu cầu!","请求路径错误！"
"http_fwqklxc","The server error!","Eror pada server!","O erro do servidor!","May Error sa Server!","Lỗi máy chủ!","服务器开了小差！"
"http_qjcwl","Please check your network!","Silakan periksa jaringan Anda!","Por favor, verifique sua rede!","I-check ang iyong koneksyon sa Internet!","Vui lòng kiểm tra mạng của bạn!","请检查您的网络！"
"banksaving_pwrite","Please enter ","Silakan masukkan ","Por favor, entre","Ilagay ","Vui lòng nhập ","请填写"
"banksaving_je"," amount"," jumlah","quantidade","Halaga"," số tiền","的金额"
"gemaView_whz","Under maintenance","Sedang dalam pemeliharaan","Under maintenance","Under maintenance","Đang bảo trì","维护中"
"HomePage_kf","Service","Layanan","Serviço","Serbisyo","Dịch vụ","客服"
"HomePage_qdzx","Check-in","Check-in","Entrada","Mag-sign in","Điểm danh","签到"
"HomePage_rwzx","Task","Tugas","Tarefa","Gawain","Nhiệm vụ","任务"
"HomePage_dj","E-sports","E-sports","E-sports","E-sports","Thể thao điện tử ","电竞"
"HomePage_qp","Chess and cards","Catur dan kartu","Chess e cartões","Chess and Cards","Cờ bạc và bài","棋牌"
"HomePage_by","fishing","memancing","pesca","Pangingisda","câu cá","捕鱼"
"HomePage_dz","Electronics","Elektronik","Eletrônica","Larong Elektroniko","Điện tử","电子"
"HomePage_zr","Real people","Orang sungguhan","Pessoas reais","Tunay na Tao","Người thật","真人"
"HomePage_ty","Sports","Olahraga","Esportes","Sports","Thể thao","体育"
"HomePage_cp","lottery","lotere","loteria","Lottery","xổ số","彩票"
"HomePage_rm","Hot","Panas","Quente","Hot","Hấp dẫn","热门"
"sign_qdshl","Check-in to get great rewards","Check-in untuk dapat reward besar","Check-in para obter grandes recompensas","Mag-sign in upang makakuha ng magagandang Rewards","Đăng nhập để nhận các phần thưởng lớn","签到送豪礼"
"sign_tips","Dear VIP players: As long as you meet the requirements of the daily activity, you could participate in the daily check-in activity. The longer the consecutive check-in days, the more bonus you could receive!","Yth. Pemain VIP: Selama Anda memenuhi persyaratan aktivitas harian, Anda dapat berpartisipasi dalam aktivitas check-in harian. Semakin lama hari check-in berturut-turut, semakin banyak bonus yang bisa Anda terima!","Caros jogadores VIP: Enquanto você atender aos requisitos da atividade diária, você pode participar da atividade diária de check-in. Quanto mais tempo os dias de check-in consecutivos, mais bônus você poderia receber!","Sa aming minamahal na VIP players: Hangga't natutugunan mo ang mga requirements ng pang-araw-araw na aktibidad, maaari kang lumahok sa pang-araw-araw na check-in activity. Habang mas matagal ang sunod-sunod na mga araw ng pag-check-in, mas maraming bonus ang iyong matatanggap!","Kính gửi người chơi VIP: Chỉ cần đáp ứng các yêu cầu của hoạt động hàng ngày, bạn có thể tham gia hoạt động điểm danh hàng ngày. Số ngày điểm danh liên tiếp càng dài, bạn càng có thể nhận được nhiều tiền thưởng!","尊敬的贵宾：只要每天达到活动条件就可以参与每日签到活动，连续签到天数越久，可领取的彩金越多噢！"
"sign_xj","cash","tunai","dinheiro","cash","tiền mặt","现金"
"activityDetails_qx","cancel","batalkan","cancelar","Kanselahin","hủy","取消"
"gemaView_ts","Remind","Mengingatkan","lembre-se","Paalala","Nhắc nhở","提示"
"UserPage_tx","Withdraw","Tarik","Retirar","Mag-withdraw","Rút","提现"
"UserPage_jyjl","Transaction History","Riwayat Transaksi","Histórico de Transações","Transaction History","Lịch sử Giao dịch","交易记录"
"FliterBox_qb","All","Semua","todo o mundo","Lahat","Tất cả","全部"
"FliterBox_pp","Platform","Platform","marca","Platform","Nền tảng","平台"
"FliterBox_zjst","Last 3 days","3 hari terakhir","Últimos 3 dias","Nakalipas na 3 Araw","3 ngày qua","最近三天"
"FliterBox_zjqt","Last 7 days","7 hari terakhir","Últimos 7 dias","Nakalipas na 7 Araw","7 ngày qua","最近七天"
"FliterBox_zjygy","Last 30 days","30 hari terakhir","Últimos 30 dias","Nakalipas na 30 Araw","30 ngày qua","近一个月"
"Wallet_qbgl","Wallet","Dompet","Carteira de carteira","Wallet","Ví","钱包管理"
"usdt_lx","Type","Tipe","tipo","Uri","Loại","类型"
"highlights","Highlights","Sorotan","Destaques","Mga Highlight","Điểm nổi bật","精彩瞬间"
"events","events","event","eventos","Kaganapan","sự kiện","事件"
"stake","Stake","Mempertaruhkan","Aposta","Stake","Đặt cược","金额"
"open","Open","Terbuka","Aberto","Buksan","Mở","进行中"
"settled","Settled","Terselesaikan","Resolvido","Naayos","Đã thanh toán","已结算"
"from","From","Dari","De","Mula","Từ","从"
"to","To","Ke","Para","Hanggang","Đến","到"
"single","Single","Tunggal","Simples","Single","Đơn","单关"
"delete","Delete","Hapus","Apagar","Tanggalin","Xóa","删除"
"timezone","Time zone","Zona waktu","Fuso Horário","Time Zone","Múi giờ","时区"
"Opened","Opened","Terbuka","Aberto","Nabuksan","Đã mở","已开始"
"Lost","Lost","Kalah","Perdido","Natalo","Thua","输"
"Won","Won","Menang","Ganhou","Nanalo","Thắng","赢"
"Draw","Draw","Seri","Empate","Draw","Hòa","平局"
"Canceled","Canceled","Dibatalkan","Cancelado","Kanselahin","Đã hủy","已取消"
"Declined","Declined","Ditolak","Recusado","Tinanggihan","Đã từ chối","已拒绝"
"HalfLost","HalfLost","Setengah Kalah","Metade Perdido","Kalahating Talo","ThuaMộtnửa","部分亏损"
"HalfWon","HalfWon","Setengah Menang","Meio Ganho","Kalahating Panalo","ThắngMộtnửa","部分盈利"
"Cashout","Cashout","Pencairan uang","Saque","Kunin ang Pera","Đổi lấy tiền mặt","已提现"
"khzc","Customer service support","Dukungan layanan pelanggan","Serviço de atendimento ao consumidor","Suporta sa Kustomer","Hỗ trợ dịch vụ khách hàng","客服支持"
"timezoneLabel_12","- Baker (Island), Howland Island (Island)","- Baker (Island), Howland Island (Island)","- Baker (Ilha), Ilha Howland (Ilha)","- Baker (Island), Howland Island (Island)","- Baker (Đảo), Đảo Howland Island (Đảo)","- 贝克岛（岛）、豪兰岛（岛）"
"timezoneLabel_11","- Midway Islands, Niue, Samoa","- Midway Islands, Niue, Samoa","- Ilhas Midway, Niue, Samoa","- Midway Islands, Niue, Samoa","- Đảo Midway, Niue, Samoa","- 中途岛、纽埃、萨摩亚"
"timezoneLabel_10","- Tahiti, Rarotonga, Hawaii","- Tahiti, Rarotonga, Hawaii","- Taiti, Rarotonga, Havaí","- Tahiti, Rarotonga, Hawaii","- Tahiti, Rarotonga, Hawaii","- 塔希提岛、拉罗汤加岛、夏威夷"
"timezoneLabel_9","- Gambier Islands, Adak Island","- Gambier Islands, Adak Island","- Ilhas Gambier, Ilha Adak","- Gambier Islands, Adak Island","- Quần đảo Gambier, Đảo Adak","- 甘比尔群岛、埃达克岛"
"timezoneLabel_8","- Alaska, Juneau, Anchorage, Metlakatla, Sitka","- Alaska, Juneau, Anchorage, Metlakatla, Sitka","- Alasca, Juneau, Anchorage, Metlakatla, Sitka","- Alaska, Juneau, Anchorage, Metlakatla, Sitka","- Alaska, Juneau, Anchorage, Metlakatla, Sitka","- 阿拉斯加、朱诺、安克雷奇、梅特拉卡特拉、锡特卡"
"timezoneLabel_7","- Creston, Dawson City, Mazatlán, Arizona City, Vancouver, Los Angeles, Whitehorse","- Creston, Dawson City, Mazatlán, Arizona City, Vancouver, Los Angeles, Whitehorse","- Creston, Dawson City, Mazatlán, Arizona City, Vancouver, Los Angeles, Whitehorse","- Creston, Dawson City, MazatlÃ¡n, Arizona City, Vancouver, Los Angeles, Whitehorse","- Creston, Thành phố Dawson, Mazatlán, Thành phố Arizona, Vancouver, Los Angeles, Whitehorse","- 克雷斯顿、道森市、马萨特兰、亚利桑那市、温哥华、洛杉矶、怀特霍斯"
"timezoneLabel_6","- Chihuahua City, Alberta, Costa Rica, Denver, Guatemala, Mexico City, Monterrey","- Chihuahua City, Alberta, Costa Rica, Denver, Guatemala, Mexico City, Monterrey","- Chihuahua City, Alberta, Costa Rica, Denver, Guatemala, Cidade do México, Monterrey","- Chihuahua City, Alberta, Costa Rica, Denver, Guatemala, Mexico City, Monterrey","- Thành phố Chihuahua, Alberta, Costa Rica, Denver, Guatemala, Thành phố Mexico, Monterrey","- 奇瓦瓦市、艾伯塔省、哥斯达黎加、丹佛、危地马拉、墨西哥城、蒙特雷"
"timezoneLabel_5","- Chicago, Iowa, Panama, Bogotá, Lima, Quito","- Chicago, Iowa, Panama, Bogotá, Lima, Quito","- Chicago, Iowa, Panamá, Bogotá, Lima, Quito","- Chicago, Iowa, Panama, BogotÃ¡, Lima, Quito","- Chicago, Iowa, Panama, Bogotá, Lima, Quito","- 芝加哥、爱荷华州、巴拿马、波哥大、利马、基多"
"timezoneLabel_4","- Georgetown, Thunder Bay, New York, Toronto, Havana, Barbados, Dominican Republic, Puerto Rico, La Paz, Santiago, Venezuela","- Georgetown, Thunder Bay, New York, Toronto, Havana, Barbados, Dominican Republic, Puerto Rico, La Paz, Santiago, Venezuela","- Georgetown, Thunder Bay, Nova Iorque, Toronto, Havana, Barbados, República Dominicana, Porto Rico, La Paz, Santiago, Venezuela","- Georgetown, Thunder Bay, New York, Toronto, Havana, Barbados, Dominican Republic, Puerto Rico, La Paz, Santiago, Venezuela","- Georgetown, Vịnh Thunder, New York, Toronto, Havana, Barbados, Cộng hòa Dominica, Puerto Rico, La Paz, Santiago, Venezuela","- 乔治敦、桑德贝、纽约、多伦多、哈瓦那、巴巴多斯、多米尼加共和国、波多黎各、拉巴斯、圣地亚哥、委内瑞拉"
"timezoneLabel_3","- Brasília, Buenos Aires, Bermuda","- Brasília, Buenos Aires, Bermuda","- Brasília, Buenos Aires, Bermudas","- BrasÃ­lia, Buenos Aires, Bermuda","- Brasília, Buenos Aires, Bermuda","- 巴西利亚、布宜诺斯艾利斯、百慕大"
"timezoneLabel_2","- Miquelon, Fernando de Noronha, South Georgia","- Miquelon, Fernando de Noronha, South Georgia","- Miquelon, Fernando de Noronha, Geórgia do Sul","- Miquelon, Fernando de Noronha, South Georgia","- Miquelon, Fernando de Noronha, Nam Georgia","- 南乔治亚州费尔南多-迪诺罗尼亚群岛密克隆群岛"
"timezoneLabel_1","- Greenland, Cape Verde","- Greenland, Cape Verde","- Gronelândia, Cabo Verde","- Greenland, Cape Verde","- Greenland, Cape Verde","- 格陵兰岛、佛得角"
"timezoneLabel_0","- Azores, Dakar, Iceland, Monrovia","- Azores, Dakar, Iceland, Monrovia","- Açores, Dakar, Islândia, Monróvia","- Azores, Dakar, Iceland, Monrovia","- Azores, Dakar, Iceland, Monrovia","- 亚速尔群岛、达喀尔、冰岛、蒙罗维亚"
"timezoneLabel_21","
      - Algeria, Porto-Novo, Casablanca, Lisbon, Dublin, Edinburgh, London
","
      - Algeria, Porto-Novo, Casablanca, Lisbon, Dublin, Edinburgh, London
","
      - Argélia, Porto Novo, Casablanca, Lisboa, Dublin, Edimburgo, Londres
","
      - Algeria, Porto-Novo, Casablanca, Lisbon, Dublin, Edinburgh, London
","
      - Algeria, Porto-Novo, Casablanca, Lisbon, Dublin, Edinburgh, London
","
      - 阿尔及利亚、波多诺伏、卡萨布兰卡、里斯本、都柏林、爱丁堡、伦敦    
"
"timezoneLabel_22","- Prague, Amsterdam, Berlin, City of Brussels, Vienna, Copenhagen, Madrid, Paris, Rome, Stockholm, Warsaw, Kaliningrad, Egypt, South Africa, Sudan","- Prague, Amsterdam, Berlin, City of Brussels, Vienna, Copenhagen, Madrid, Paris, Roma, Stockholm, Warsawa, Kaliningrad, Mesir, Afrika Selatan, Sudan","- Praga, Amesterdão, Berlim, Cidade de Bruxelas, Viena, Copenhaga, Madrid, Paris, Roma, Estocolmo, Varsóvia, Kaliningrado, Egipto, África do Sul, Sudão","- Prague, Amsterdam, Berlin, City of Brussels, Vienna, Copenhagen, Madrid, Paris, Rome, Stockholm, Warsaw, Kaliningrad, Egypt, South Africa, Sudan","- Prague, Amsterdam, Berlin, Thành phố Brussels, Vienna, Copenhagen, Madrid, Paris, Rome, Stockholm, Warsaw, Kaliningrad, Ai Cập, Nam Phi, Sudan","- 布拉格、阿姆斯特丹、柏林、布鲁塞尔市、维也纳、哥本哈根、马德里、巴黎、罗马、斯德哥尔摩、华沙、加里宁格勒、埃及、南非、苏丹"
"timezoneLabel_23","- Cyprus, Moscow Time, Kenya, Tanzania, Somalia, Madagascar, Iraq, Yemen,
      Kuwait, Saudi Arabia, Qatar, Jerusalem    
","- Cyprus, Waktu Moscow, Kenya, Tanzania, Somalia, Madagascar, Iraq, Yemen,
      Kuwait, Arab Saudi, Qatar, Jerusalem    
","- Chipre, Hora de Moscovo, Quénia, Tanzânia, Somália, Madagáscar, Iraque, Iémen,
      Kuwait, Arábia Saudita, Qatar, Jerusalém    
","- Cyprus, Moscow Time, Kenya, Tanzania, Somalia, Madagascar, Iraq, Yemen,
      Kuwait, Saudi Arabia, Qatar, Jerusalem    
","- Cyprus, Giờ Moscow, Kenya, Tanzania, Somalia, Madagascar, I-rắc, Yemen,
      Kuwait, Ả Rập Xê-út, Qatar, Jerusalem    
","- 塞浦路斯、莫斯科时间、肯尼亚、坦桑尼亚、索马里、马达加斯加、伊拉克、也门、
     科威特、沙特阿拉伯、卡塔尔、耶路撒冷    
"
"timezoneLabel_235","- Tehran","- Tehran","- Teerã","- Tehran","- Tehran","- 德黑兰"
"timezoneLabel_24","- UAE, Azerbaijan, Armenia, Oman, Samara, Izhevsk, Abkhazia, Georgia","- UAE, Azerbaijan, Armenia, Oman, Samara, Izhevsk, Abkhazia, Georgia","- Emirados Árabes Unidos, Azerbaijão, Armênia, Omã, Samara, Izhevsk, Abkhazia, Geórgia","- UAE, Azerbaijan, Armenia, Oman, Samara, Izhevsk, Abkhazia, Georgia","- UAE, Azerbaijan, Armenia, Oman, Samara, Izhevsk, Abkhazia, Georgia","- 阿联酋、阿塞拜疆、亚美尼亚、阿曼、萨马拉、伊热夫斯克、阿布哈兹、格鲁吉亚"
"timezoneLabel_25","
      - Maldives, Turkmenistan, Yekaterinburg Time, Kyzylorda, Uzbekistan,
      Kazakhstan (Astana), Kazakhstan (Ural'sk), Islamabad, Karachi    
 ","
      - Maldives, Turkmenistan, Waktu Yekaterinburg, Kyzylorda, Uzbekistan,
      Kazakhstan (Astana), Kazakhstan (Ural'sk), Islamabad, Karachi    
 ","
      - Maldivas, Turquemenistão, Yekaterinburg Time, Kyzylorda, Uzbequistão,
      Cazaquistão (Astana), Cazaquistão (Ural'sk), Islamabad, Karachi    
 ","
      - Maldives, Turkmenistan, Yekaterinburg Time, Kyzylorda, Uzbekistan,
      Kazakhstan (Astana), Kazakhstan (Ural'sk), Islamabad, Karachi    
 ","
      - Maldives, Turkmenistan, Giờ Yekaterinburg, Kyzylorda, Uzbekistan,
      Kazakhstan (Astana), Kazakhstan (Ural'sk), Islamabad, Karachi    
 ","
      - 马尔代夫、土库曼斯坦、叶卡捷琳堡时间、克孜勒奥尔达、乌兹别克斯坦、
      哈萨克斯坦（阿斯塔纳）、哈萨克斯坦（乌拉尔斯克）、伊斯兰堡、卡拉奇    
 "
"timezoneLabel_253","- India, Sri Lanka","- India, Sri Lanka","- Índia, Sri Lanka","- India, Sri Lanka","- Ấn Độ, Sri Lanka","- 印度、斯里兰卡"
"timezoneLabel_254","- Nepal","- Nepal","- Nepal","- Nepal","- Nepal","- 尼泊尔"
"timezoneLabel_26","- Omsk Time, Bangladesh, Kyrgyzstan","- Waktu Omsk, Bangladesh, Kyrgyzstan","- Omsk Time, Bangladesh, Quirguistão","- Omsk Time, Bangladesh, Kyrgyzstan","- Giờ Omsk, Bangladesh, Kyrgyzstan","- 吉尔吉斯斯坦孟加拉国鄂木斯克时间"
"timezoneLabel_27","- Krasnoyarsk Time, Novosibirsk, Kemerovo, Bangkok, Tomsk, Barnaul, Jakarta, Hanoi","- Waktu Krasnoyarsk, Novosibirsk, Kemerovo, Bangkok, Tomsk, Barnaul, Jakarta, Hanoi","- Krasnoyarsk Time, Novosibirsk, Kemerovo, Banguecoque, Tomsk, Barnaul, Jacarta, Hanói","- Krasnoyarsk Time, Novosibirsk, Kemerovo, Bangkok, Tomsk, Barnaul, Jakarta, Hanoi","- Giờ Krasnoyarsk, Novosibirsk, Kemerovo, Bangkok, Tomsk, Barnaul, Jakarta, Hà Nội","- 克拉斯诺亚尔斯克时间、新西伯利亚、克麦罗沃、曼谷、托木斯克、巴尔瑙尔、雅加达、河内"
"timezoneLabel_28","
      - Irkutsk Time, Ulaanbaatar, Kuala Lumpur, Hong Kong, China, Singapore,
      Taiwan, Perth
   ","
      - Waktu Irkutsk, Ulaanbaatar, Kuala Lumpur, Hong Kong, China, Singapura,
      Taiwan, Perth
   ","
      - Hora de Irkutsk, Ulaanbaatar, Kuala Lumpur, Hong Kong, China, Singapura,
      Taiwan, Perth
   ","
      - Irkutsk Time, Ulaanbaatar, Kuala Lumpur, Hong Kong, China, Singapore,
      Taiwan, Perth
   ","
      - Giờ Irkutsk, Ulaanbaatar, Kuala Lumpur, Hồng Kông, Trung Quốc, Singapore,
      Đài Loan, Perth
   ","
      - 伊尔库茨克时间，乌兰巴托，吉隆坡，香港，中国，新加坡，
      台湾, 珀斯
   "
"timezoneLabel_284","- Caiguna, Eucla, Madura, Mundrabilla","- Caiguna, Eucla, Madura, Mundrabilla","- Caiguna, Eucla, Madura, Mundrabilla","- Caiguna, Eucla, Madura, Mundrabilla","- Caiguna, Eucla, Madura, Mundrabilla","- 凯古纳、尤克拉、马杜拉、蒙德拉比拉"
"timezoneLabel_29","- North Korea, Yakutsk Time, Korea, Chita, Japan","- Korea Utara, Waktu Yakutsk, Korea, Chita, Jepang","- Coreia do Norte, Yakutsk Time, Coreia, Chita, Japão","- North Korea, Yakutsk Time, Korea, Chita, Japan","- Bắc Hàn, Giờ Yakutsk, Hàn Quốc, Chita, Nhật Bản","- 朝鲜，雅库茨克时间，韩国，赤塔，日本"
"timezoneLabel_293","- Adelaide, Darwin, Broken Hill","- Adelaide, Darwin, Broken Hill","- Adelaide, Darwin, Colina Quebrada","- Adelaide, Darwin, Broken Hill","- Adelaide, Darwin, Broken Hill","- 阿德莱德、达尔文、布罗肯希尔"
"timezoneLabel_210","- Vladivostok Time, Brisbane, Melbourne, Tasmania, Guam, Port Moresby, Canberra, Sydney","- Waktu Vladivostok, Brisbane, Melbourne, Tasmania, Guam, Port Moresby, Canberra, Sydney","- Vladivostok Time, Brisbane, Melbourne, Tasmânia, Guam, Port Moresby, Canberra, Sydney","- Vladivostok Time, Brisbane, Melbourne, Tasmania, Guam, Port Moresby, Canberra, Sydney","- Giờ Vladivostok, Brisbane, Melbourne, Tasmania, Guam, Port Moresby, Canberra, Sydney","- 海参崴时间、布里斯班、墨尔本、塔斯马尼亚、关岛、莫尔兹比港、堪培拉、悉尼"
"timezoneLabel_2103","- Lord Howe Island","- Lord Howe Island","- Ilha Lord Howe","- Lord Howe Island","- Đảo Lord Howe","- 豪勋爵岛"
"timezoneLabel_211","- Magadan Time, Sakhalin Oblast (Severo-Kurilsky District), Solomon Islands, Norfolk Island, New Caledonia","- Waktu Magadan, Sakhalin Oblast (Severo-Kurilsky District), Solomon Islands, Norfolk Island, New Caledonia","- Magadan Time, Oblast de Sacalina (Distrito de Severo-Kurilsky), Ilhas Salomão, Ilha Norfolk, Nova Caledônia","- Magadan Time, Sakhalin Oblast (Severo-Kurilsky District), Solomon Islands, Norfolk Island, New Caledonia","- Giờ Magadan, Sakhalin Oblast (Severo-Kurilsky District), Quần đảo Solomon, Đảo Norfolk, New Caledonia","- 马加丹时间、萨哈林州（北库里尔斯基区）、所罗门群岛、诺福克岛、新喀里多尼亚"
"timezoneLabel_212","- Kamchatka Krai, Chukotka Autonomous Okrug, Marshall Islands, Fiji, New Zealand","- Kamchatka Krai, Chukotka Autonomous Okrug, Marshall Islands, Fiji, New Zealand","- Krai de Kamchatka, Okrug Autônomo de Chukotka, Ilhas Marshall, Fiji, Nova Zelândia","- Kamchatka Krai, Chukotka Autonomous Okrug, Marshall Islands, Fiji, New Zealand","- Kamchatka Krai, Chukotka Autonomous Okrug, Quần đảo Marshall, Fiji, New Zealand","- 堪察加边疆区、楚科奇自治区、马绍尔群岛、斐济、新西兰"
"timezoneLabel_2124","- Chatham Islands","- Chatham Islands","- Ilhas Chatham","- Chatham Islands","- Quần đảo Chatham","- 查塔姆群岛"
"timezoneLabel_213","- Samoa, Tonga","- Samoa, Tonga","- Samoa, Tonga","- Samoa, Tonga","- Samoa, Tonga","- 萨摩亚、汤加"
"timezoneLabel_214","- Line Islands","- Line Islands","- Ilhas Line","- Line Islands","- Quần đảo Line","- 莱恩群岛"
"FliterBox_yjx","Settled","Terselesaikan","Liquidado","Natapos","Đã thanh toán","已结算"
"FliterBox_wjx","Unsettled","Tidak Terselesaikan","Não liquidado","Hindi Natapos","Chưa thanh toán","未结算"
"FliterBox_yqx","Cancelled","Dibatalkan","Cancelado","Kinansela","Đã hủy","已取消"
"more","More","Selengkapnya","Mais","More","Thêm","更多"
"tomorrow","Tomorrow","Besok","Amanhã","Bukas","Ngày mai","明天"
"result","Match Result","Hasil Pertandingan","Resultado","Resulta ng Laban","Kết quả Trận đấu","赛果"
"Created","Created","Dibuat","Criado","Nagawa","Đã tạo","已创建"
"Confirming","Confirming","Mengonfirmasi","Confirmando","Kinukumpirma","Đang xác nhận","确认中"
"Rejected","Rejected","Ditolak","Rejeitado","Tinanggihan","Bị từ chối","已拒绝"
"Settled","Settled","Terselesaikan","Liquidado","Naayos","Đã thanh toán","已结算"
"settleStatus","Settle Status","Status Terselesaikan","Settle Status","Kalagayan ng Pag-ayos","Trạng thái Thanh toán","结算状态"
"today","Today","Hari Ini","Hoje","Ngayon","Hôm nay","今日"
"supportLegal","Support / Legal","Dukungan/Legal","Suporte / Legal","Suporta / Legal","Hỗ trợ / Pháp lý","支持 / 法律"
"Privacy","Privacy Policy","Kebijakan Privasi","Política de Privacidade","Patakaran sa Pagkapribado","Chính sách Quyền riêng tư","隐私政策"
"mobile","Mobile","Mobile","Telemóvel","Mobile","Mobile","手机"
"Code","Code","Code","código de convite","Kodigo","Code","邀请码"
"securityCenter_kycSetting","KYC Setting","KYC Setting","KYC Setting","KYC Setting","KYC Setting","KYC Setting"
"securityCenter_notSet","Not Set","Not Set","Not Set","Not Set","Not Set","Not Set"
"securityCenter_done","Done","Done","Done","Done","Done","Done"
"securityCenter_no11digitPhoneNum","Has to be 11 digits","Has to be 11 digits","securityCenter_no11digitPhoneNum","Has to be 11 digits","Has to be 11 digits","securityCenter_no11digitPhoneNum"
"securityCenter_no6digitCode","Has to be 6 digits","Has to be 6 digits","securityCenter_no6digitCode","Has to be 6 digits","Has to be 6 digits","securityCenter_no6digitCode"
"securityCenter_codeTimeout","Code Timeout","Code Timeout","securityCenter_codeTimeout","Code Timeout","Code Timeout","securityCenter_codeTimeout"
"securityCenter_noReceiveCode","No Receive Code?","Tidak Menerima Kode?","No Receive Code?","Walang Receive Code?","Không có mã nhận?","No Receive Code?"
"securityCenter_phoneChangeSuccess","Phone Successfully Updated","Phone Successfully Updated","securityCenter_phoneChangeSuccess","Phone Successfully Updated","Phone Successfully Updated","securityCenter_phoneChangeSuccess"
"securityCenter_congratulations","Congratulations","Selamat","Congratulations","Binabati kita","Chúc mừng","恭喜你"
"securityCenter_back","Back","Back","Back","Back","Back","Back"
"securityCenter_kycVerify","KYC Verify","KYC Verify","KYC Verify","KYC Verify","KYC Verify","KYC Verify"
"securityCenter_submitAgain","Submit Again","Submit Again","Submit Again","Submit Again","Submit Again","Submit Again"
"securityCenter_uploadAgain","Upload Again","Upload Again","securityCenter_uploadAgain","Upload Again","Upload Again","securityCenter_uploadAgain"
"securityCenter_reset","Reset","Reset","Reset","Reset","Reset","Reset"
"user_Yes","Yes","Yes","Yes","Yes","Yes","Yes"
"user_No","No","No","No","No","No","No"
"messages_title","Message Center","Message Center","Message Center","Message Center","Message Center","Message Center"
"messages_all","All","All","All","All","All","All"
"bonus_title","Bonus","Bonus","Bonus","Bonus","Bonus","Bonus"
"bonus_today","Today","Today","Today","Today","Today","Today"
"bonus_yesterday","Yesterday","Yesterday","Yesterday","Yesterday","Yesterday","Yesterday"
"bonus_last7Days","Last 7 Days","Last 7 Days","Last 7 Days","Last 7 Days","Last 7 Days","Last 7 Days"
"bonus_last15Days","Last 15 Days","Last 15 Days","Last 15 Days","Last 15 Days","Last 15 Days","Last 15 Days"
"bonus_last30Days","Last 30 Days","Last 30 Days","Last 30 Days","Last 30 Days","Last 30 Days","Last 30 Days"
"bonus_last60Days","Last 60 Days","Last 60 Days","Last 60 Days","Last 60 Days","Last 60 Days","Last 60 Days"
"bonus_allStatus","All Status","All Status","All Status","All Status","All Status","All Status"
"bonus_statusWaitReceive","Claim","Claim","bonus_statusWaitReceive","Claim","Claim","bonus_statusWaitReceive"
"bonus_statusInProgress","In Progress","In Progress","bonus_statusInProgress","In Progress","In Progress","bonus_statusInProgress"
"bonus_statusVerifying","Under Review","Under Review","bonus_statusVerifying","Under Review","Under Review","bonus_statusVerifying"
"bonus_statusClaimed","Received","Received","bonus_statusClaimed","Received","Received","bonus_statusClaimed"
"bonus_statusExpired","Expired","Expired","bonus_statusExpired","Expired","Expired","bonus_statusExpired"
"bonus_claimSuccess","Claim Success","Claim Success","bonus_claimSuccess","Claim Success","Claim Success","bonus_claimSuccess"
"bonus_inProgressModalTitle","Bonus","Bonus","Bonus","Bonus","Bonus","Bonus"
"bonus_needCompleteTaskToReceive","You need to complete the following tasks to receive","You need to complete the following tasks to receive","You need to complete the following tasks to receive","You need to complete the following tasks to receive","You need to complete the following tasks to receive","You need to complete the following tasks to receive"
"bonus_subTaskIncomplete","bonus_subTaskIncomplete","bonus_subTaskIncomplete","bonus_subTaskIncomplete","bonus_subTaskIncomplete","bonus_subTaskIncomplete","bonus_subTaskIncomplete"
"bonus_subTaskCompleted","bonus_subTaskCompleted","bonus_subTaskCompleted","bonus_subTaskCompleted","bonus_subTaskCompleted","bonus_subTaskCompleted","bonus_subTaskCompleted"
"bonus_subTaskShare","bonus_subTaskShare","bonus_subTaskShare","bonus_subTaskShare","bonus_subTaskShare","bonus_subTaskShare","bonus_subTaskShare"
"bonus_target","Target","Target","Target","Target","Target","Target"
"user_fundAccounts","Fund Accounts","Rekening Dana","Fund Accounts","Mga Account sa Pondo","Tài khoản quỹ","Fund Accounts"
"invite_share","Share","Share","Share","Share","Share","Share"
"invite_data","Data","Data","Data","Data","Data","Data"
"invite_directData","Direct Data","Direct Data","Direct Data","Direct Data","Direct Data","Direct Data"
"invite_commission","Commission","Commission","Commission","Commission","Commission","Commission"
"invite_history","History","History","History","History","History","History"
"invite_myCommission","Commission","Commission","我的佣金","Commission","Commission","我的佣金"
"invite_historyRecord","History","History","历史记录","History","History","历史记录"
"invite_myLink","My Promotion Link","My Promotion Link","我的推广链接","My Promotion Link","My Promotion Link","我的推广链接"
"invite_commissionMode","Rebate model","Rebate model","返佣模式","Rebate model","Rebate model","返佣模式"
"invite_claim","Receive","Receive","领取","Receive","Receive","领取"
"invite_copyLink","Copy Link","Copy Link","复制链接","Copy Link","Copy Link","复制链接"
"invite_saveQrCode","Save QR Code","Save QR Code","保存二维码","Save QR Code","Save QR Code","保存二维码"
"invite_tutorial","Promotion Tutorial","Promotion Tutorial","推广教程","Promotion Tutorial","Promotion Tutorial","推广教程"
"invite_totalCommission","Total Commission","Total Commission","总佣金","Total Commission","Total Commission","总佣金"
"invite_directProfit","Direct Contribution","Direct Contribution","直属业绩","Direct Contribution","Direct Contribution","直属业绩"
"invite_directCommission","Direct Commission","Direct Commission","直属佣金","Direct Commission","Direct Commission","直属佣金"
"invite_contribution","Contribute commission","Contribute commission","贡献","Contribute commission","Contribute commission","贡献"
"invite_today","Today","Today","Today","Today","Today","Today"
"invite_yesterday","Yesterday","Yesterday","Yesterday","Yesterday","Yesterday","Yesterday"
"invite_thisWeek","This Week","This Week","This Week","This Week","This Week","This Week"
"invite_lastWeek","Last Week","Last Week","Last Week","Last Week","Last Week","Last Week"
"invite_thisMonth","This Month","This Month","This Month","This Month","This Month","This Month"
"invite_lastMonth","Last Month","Last Month","Last Month","Last Month","Last Month","Last Month"
"invite_all","All","All","All","All","All","All"
"invite_customize","Customize","Customize","Customize","Customize","Customize","Customize"
"invite_myData_dataOverview","Data overview","Data overview","数据总览","Data overview","Data overview","数据总览"
"invite_myData_directPersonCount","Number of people under direct supervision","Number of people under direct supervision","直属人数","Number of people under direct supervision","Number of people under direct supervision","直属人数"
"invite_myData_directFirstDepositCount","Number of people making first deposit","Number of people making first deposit","直首充人","Number of people making first deposit","Number of people making first deposit","直首充人"
"invite_myData_depositCount","Number of deposits","Number of deposits","存款次数","Number of deposits","Number of deposits","存款次数"
"invite_myData_directFirstDepositAmount","Deposit Amount","Deposit Amount","存款金额","Deposit Amount","Deposit Amount","存款金额"
"invite_myData_validBet","Valid Bets","Valid Bets","有效投注","Valid Bets","Valid Bets","有效投注"
"invite_myData_commission","Commission","Commission","佣金","Commission","Commission","佣金"
"invite_myData_myTeam","My Team","My Team","我的团队","My Team","My Team","我的团队"
"invite_myData_teamCount","Total number of team members","Total number of team members","团队总人数","Total number of team members","Total number of team members","团队总人数"
"invite_myData_directCount","Direct subordinates","Direct subordinates","直属下级数","Direct subordinates","Direct subordinates","直属下级数"
"invite_myData_otherCount","Other Subordinates","Other Subordinates","其它下级","Other Subordinates","Other Subordinates","其它下级"
"invite_myData_teamTotalBet","Total team bets","Total team bets","团队总投注","Total team bets","Total team bets","团队总投注"
"invite_myData_directBet","Direct Betting","Direct Betting","直属投注","Direct Betting","Direct Betting","直属投注"
"invite_myData_directCommission","Direct Commission","Direct Commission","直属佣金","Direct Commission","Direct Commission","直属佣金"
"invite_myData_otherBet","Other Bets","Other Bets","其它投注","Other Bets","Other Bets","其它投注"
"invite_myData_otherCommission","Other Commissions","Other Commissions","其它佣金","Other Commissions","Other Commissions","其它佣金"
"baseDateRangePicker_start","Start","Start","起","Start","Start","起"
"baseDateRangePicker_end","End","End","止","End","End","止"
"invite_DirectData_downCount","Subordinate Count","Subordinate Count","下级数量","Subordinate Count","Subordinate Count","下级数量"
"invite_DirectData_validBet","Valid Bet","Valid Bet","有效投注","Valid Bet","Valid Bet","有效投注"
"invite_DirectData_profitLoss","Loss/Profit","Loss/Profit","亏损/盈利","Loss/Profit","Loss/Profit","亏损/盈利"
"invite_DirectData_deposit","Deposit amount","Deposit amount","存款","Deposit amount","Deposit amount","存款"
"invite_DirectData_withdraw","Withdrawal amount","Withdrawal amount","提款","Withdrawal amount","Withdrawal amount","提款"
"invite_DirectData_login","Login","Login","登陆","Login","Login","登陆"
"invite_DirectData_register","Register","Register","注册","Register","Register","注册"
"invite_commission_validBetDay","Valid Bets (Daily)","Valid Bets (Daily)","有效投注（日结）","Valid Bets (Daily)","Valid Bets (Daily)","有效投注（日结）"
"invite_commission_betAmount","Bet Amount","Bet Amount","投注金额","Bet Amount","Bet Amount","投注金额"
"invite_commission_commission","Commission","Commission","佣金","Commission","Commission","佣金"
"invite_commission_directDown","Direct Subordinate","Direct Subordinate","直属下级","Direct Subordinate","Direct Subordinate","直属下级"
"invite_commission_otherDown","Other Subordinate","Other Subordinate","其它下级","Other Subordinate","Other Subordinate","其它下级"
"invite_commission_summary","Summary","Summary","汇总","Summary","Summary","汇总"
"invite_commission_directTotalBets","direct total bets","direct total bets","direct total bets","direct total bets","direct total bets","direct total bets"
"invite_commission_directlyReporting","Directly reporting","Directly reporting","Directly reporting","Directly reporting","Directly reporting","Directly reporting"
"invite_commission_profitLoss","Loss/Profit","Loss/Profit","亏损/盈利","Loss/Profit","Loss/Profit","亏损/盈利"
"invite_commission_bet","Bet","Bet","投注","Bet","Bet","投注"
"invite_commission_no_more","no more data","no more data","no more","no more data","no more data","no more"
"invite_amountAvailable","Amount Available","Amount Available","Amount Available","Amount Available","Amount Available","Amount Available"
"invite_enterAmount","Enter amount","Enter amount","Enter amount","Enter amount","Enter amount","Enter amount"
"invite_receive","Receive","Receive","Receive","Receive","Receive","Receive"
"invite_max","Max","Max","Max","Max","Max","Max"
"user_licenseInformation","License Information","License Information","License Information","License Information","License Information","License Information"
"user_transactions","Transactions","Transaksi","Transactions","Mga transaksyon","Giao dịch","交易记录"
"user_bonus","Bonus","Bonus","Bonus","Bonus","Bonus","Bonus"
"user_securityCenter","Security Center","Security Center","Security Center","Security Center","Security Center","Security Center"
"user_language","Language","Language","Language","Language","Language","Language"
"invite_negativeProfit","Negative Profit","Negative Profit","负盈利","Negative Profit","Negative Profit","负盈利"
"invite_directBetting","Direct Betting","Direct Betting","Direct Betting","Direct Betting","Direct Betting","Direct Betting"
"invite_otherCommission","Other Commission","Other Commission","其他佣金","Other Commission","Other Commission","其他佣金"
"invite_validBet","Valid Bets","Valid Bets","有效投注","Valid Bets","Valid Bets","有效投注"
"invite_example","Example","Example","例子","Example","Example","例子"
"layout_login","sign in/sign up","masuk/mendaftar","sign in/sign up","mag-sign in/mag-sign up","đăng nhập/đăng ký","登录/注册"
"layout_btm_home","home","rumah","home","bahay","trang chủ","首页"
"layout_btm_promo","promo","promo","promo","promo","khuyến mãi","促销"
"layout_btm_wallet","wallet","dompet","wallet","wallet","cái ví","钱包"
"layout_btm_invite","invite","mengundang","invite","mag-imbita","mời","邀请"
"layout_btm_account","account","akun","account","account","tài khoản","我的"
"home_empty","No games found","Tidak ada permainan yang ditemukan","No games found","Walang nahanap na laro","Không tìm thấy trò chơi nào","没有找到游戏"
"home_search_plh","search game","permainan pencarian","search game","laro sa paghahanap","trò chơi tìm kiếm","搜索游戏"
"fund_a_bound","bound","melompat","bound","nakagapos","ràng buộc","已绑定"
"fund_a_tip_p_t","Verify your Phone No","Verifikasi No Telepon Anda","Verify your Phone No","I-verify ang iyong Phone No","Xác minh số điện thoại của bạn Không","验证您的电话号码"
"fund_a_tip_f_t","Verify your withdrawal password","Verifikasi kata sandi penarikan Anda","Verify your withdrawal password","I-verify ang iyong password sa pag-withdraw","Xác minh mật khẩu rút tiền của bạn","验证您的提款密码"
"fund_a_tip_p_c","Hi, there! You need to set up first your phone number","Hai, yang di sana! 
Anda perlu mengatur terlebih dahulu nomor telepon Anda","Hi, there! You need to set up first your phone number","Hi, doon! 
Kailangan mo munang i-set up ang iyong numero ng telepono","Chào bạn! 
Trước tiên bạn cần thiết lập số điện thoại của mình","你好呀！
您需要先设置您的电话号码"
"fund_a_tip_f_c","hello! You need to set your withdrawal password first.","Halo! 
Anda perlu mengatur kata sandi penarikan Anda terlebih dahulu.","hello! You need to set your withdrawal password first.","hello! 
Kailangan mo munang itakda ang iyong withdrawal password.","Xin chào! 
Bạn cần đặt mật khẩu rút tiền trước tiên.","你好！
您需要先设置提现密码。"
"fund_a_tip_but","Let's Do It","Ayo Lakukan","Let's Do It","Gawin Natin","Hãy làm điều đó","立即前往"
"fund_a_list_add","Link a {type} Account","Tautkan Akun {type}","Link a {type} Account","Mag-link ng {type} Account","Liên kết tài khoản {type}","关联 {type} 帐户"
"fund_a_list_tit","{type} Accounts ({num}/5)","{type} Akun ({num}/5)","{type} Accounts ({num}/5)","{type} Mga Account ({num}/5)","{type} Tài khoản ({num}/5)","{type} 帐户 ({num}/5)"
"fund_a_add_tit","Add {type} Accounts","Tambahkan Akun {type}","Add {type} Accounts","Magdagdag ng {type} Mga Account","Thêm tài khoản {type}","添加 {type} 帐户"
"fund_c_add_b_1","Full Name","Nama Lengkap","Full Name","Buong Pangalan","Tên đầy đủ","姓名"
"fund_c_add_b_1p","Please enter","Silakan masuk","Please enter","Mangyaring ipasok","Vui lòng nhập","请输入"
"fund_c_add_b_2","Phone","Telepon","Phone","Telepono","Điện thoại","电话"
"fund_c_add_b_3","Bank choice","Pilihan bank","Bank choice","Pagpili ng bangko","Lựa chọn ngân hàng","银行选择"
"fund_c_add_b_3p","Please select","Silakan pilih","Please select","Mangyaring pumili","Vui lòng chọn","请选择"
"fund_c_add_b_4","Bank Account number","Bank Account number","Bank Account number","Bank Account number","Bank Account number","Bank Account number"
"fund_c_add_g_1","gcash","gcash","gcash","gcash","gcash","gcash"
"dep_done_tit","Payment information","Informasi pembayaran","Payment information","Impormasyon sa pagbabayad","Thông tin thanh toán","付款信息"
"dep_part_1","payment Method","Metode pembayaran","payment Method","Paraan ng pagbabayad","phương thức thanh toán","付款方式"
"dep_part_2","payment Channel","saluran pembayaran","payment Channel","channel ng pagbabayad","Kênh thanh toán","支付渠道"
"dep_part_3","promotion","promosi","promotion","promosyon","khuyến mãi","晋升"
"dep_part_4","Deposit Amount","Jumlah Setoran","Deposit Amount","Halaga ng Deposito","Số tiền gửi","存款金额"
"dep_part_4_2","Extra Bonus","Bonus Ekstra","Extra Bonus","Dagdag na Bonus","Tiền thưởng thêm","额外奖金"
"withd_part_v","Initial withdraw requires the following verification","Penarikan awal memerlukan verifikasi berikut","Initial withdraw requires the following verification","Ang paunang pag-withdraw ay nangangailangan ng sumusunod na pag-verify","Rút tiền lần đầu yêu cầu xác minh sau","首次提款需要以下验证"
"withd_part_v_2","Wallet Password","Kata Sandi Dompet","Wallet Password","Password ng Wallet","Mật khẩu ví","钱包密码"
"withd_part_v_3","set","mengatur","set","itakda","bộ","设置"
"withd_part_v_4","done","Selesai","done","tapos na","xong","完毕"
"withd_part_a","Withdraw amount","Jumlah penarikan","Withdraw amount","Mag-withdraw ng halaga","Số tiền rút","提现金额"
"withd_part_a_2","Withdraw Amount min {v}","Jumlah Penarikan min {v}","Withdraw Amount min {v}","I-withdraw ang Halaga min {v}","Số tiền rút tối thiểu {v}","提款金额最低 {v}"
"withd_part_a_ft","Enter more than the amount you can withdraw","Masukkan lebih dari jumlah yang dapat Anda tarik","Enter more than the amount you can withdraw","Maglagay ng higit sa halagang maaari mong bawiin","Nhập nhiều hơn số tiền bạn có thể rút","输入超过您可以提取的金额"
"withd_part_a_all","All","Semua","All","Lahat","Tất cả","全部"
"withd_part_a_ab","Available Balance","Saldo Tersedia","Available Balance","Magagamit na Balanse","Số dư khả dụng","可用余额"
"withd_comf_t","In Reviewing","Dalam Meninjau","In Reviewing","Sa Pagsusuri","Đang xem xét","审核中"
"withd_comf_fg","Forgot?","Lupa?","Forgot?","Nakalimutan?","Quên?","忘记了？"
"withd_comf_an","Account no","Nomor rekening","Account no","Account no","Số tài khoản","帐号"
"withd_comf_rw","Request Withdraw","Minta Penarikan","Request Withdraw","Humiling ng Withdraw","Yêu cầu rút tiền","请求提款"
"withd_comf_total","Total","Total","Total","Kabuuan","Tổng cộng","总计"
"withd_comf_fee","{type} Platform Fee","{type} Biaya Platform","{type} Platform Fee","{type} Bayarin sa Platform","{type} Phí nền tảng","{type} 平台费用"
"withd_comf_ep","Enter password","Masukkan kata sandi","Enter password","Ipasok ang password","Nhập mật khẩu","输入密码"
"dep_done_con_1","Payment Amount","Jumlah Pembayaran","Payment Amount","Halaga ng Pagbabayad","Số tiền thanh toán","付款金额"
"dep_done_con_2","Deposit ID","ID setoran","Deposit ID","Deposit ID","ID tiền gửi","存款ID"
"withd_done_con_1","Withdraw Type","Jenis Penarikan","Withdraw Type","Uri ng Pag-withdraw","Loại rút tiền","提款类型"
"withd_done_con_2","Withdraw Amount","Jumlah Penarikan","Withdraw Amount","I-withdraw ang Halaga","Số tiền rút","提款金额"
"withd_done_con_3","withdraw ID","menarik identitas","withdraw ID","bawiin ang ID","rút ID","提现 ID"
"wall_done_tip_1","The payment will be automatically received after successful payment, and the prompt will pop up.","Pembayaran akan diterima secara otomatis setelah pembayaran berhasil, dan prompt akan muncul.","The payment will be automatically received after successful payment, and the prompt will pop up.","Awtomatikong matatanggap ang pagbabayad pagkatapos ng matagumpay na pagbabayad, at lalabas ang prompt.","Khoản thanh toán sẽ được tự động nhận sau khi thanh toán thành công và lời nhắc sẽ bật lên.","支付成功后会自动收到款项，并弹出提示。"
"wall_done_tip_2","If there is no response for a long time, Please Contact us.","Jika tidak ada respon untuk waktu yang lama, Silahkan Hubungi kami.","If there is no response for a long time, Please Contact us.","Kung walang tugon sa loob ng mahabang panahon, Mangyaring Makipag-ugnayan sa amin.","Nếu không có phản hồi trong một thời gian dài, vui lòng liên hệ với chúng tôi.","如果长时间没有回复，请联系我们。"
"user_redemption","Redemption Code","Kode Penebusan","Redemption Code","Redemption Code","Mã đổi quà","兑换码"
"user_redemption_e_t","Please enter the correct redemption code","Silakan masukkan kode penukaran yang benar","Please enter the correct redemption code","Pakilagay ang tamang redemption code","Vui lòng nhập đúng mã đổi thưởng","请输入正确的兑换码"
"user_redemption_s_d","Turnover requirements","Persyaratan omset","Turnover requirements","Mga kinakailangan sa turnover","Yêu cầu về doanh thu","流水要求"
"user_redemption_bn","Bet Now","Bertaruh Sekarang","Bet Now","Tumaya Ngayon","Đặt cược ngay","立即投注"
"completed","Completed","Completed","Completed","Completed","Completed","Completed"
"bank-charged","Bank Charged","Bank Charged","Bank Charged","Bank Charged","Bank Charged","Bank Charged"
"securityCenter_setPasswordPlaceholder","6-20 characters (English & Numbers)","6-20 characters (English & Numbers)","6-20 characters (English & Numbers)","6-20 characters (English & Numbers)","6-20 characters (English & Numbers)","6-20 characters (English & Numbers)"
"securityCenter_withdrawalPasswordPlaceholder","6 Numbers","6 Numbers","6 Numbers","6 Numbers","6 Numbers","6 Numbers"
"user_highestVipLevel","reached the highest level","reached the highest level","reached the highest level","reached the highest level","reached the highest level","reached the highest level"
"user_congratulations","congratulations！","congratulations！","congratulations！","congratulations！","congratulations！","congratulations！"
"invite_commission_date","Date","Date","Date","Date","Date","Date"
"invite_history_validBet","Valid bets (daily settlement)","Valid bets (daily settlement)","Valid bets (daily settlement)","Valid bets (daily settlement)","Valid bets (daily settlement)","Valid bets (daily settlement)"
"invite_history_transferToWallet","Transfer to main wallet","Transfer to main wallet","Transfer to main wallet","Transfer to main wallet","Transfer to main wallet","Transfer to main wallet"
"invite_history_receivedSuccessfully","Received Successfully","Received Successfully","Received Successfully","Received Successfully","Received Successfully","Received Successfully"
"securityCenter_oldPassword","Old Password","Old Password","Old Password","Old Password","Old Password","Old Password"
"vipDetails_upgradeBonus","Upgrade Bonus","Upgrade Bonus","Upgrade Bonus","Upgrade Bonus","Upgrade Bonus","Upgrade Bonus"
"vipDetails_weeklyBonus","Weekly Bonus","Weekly Bonus","Weekly Bonus","Weekly Bonus","Weekly Bonus","Weekly Bonus"
"vipDetails_monthlyBonus","Monthly Bonus","Monthly Bonus","Monthly Bonus","Monthly Bonus","Monthly Bonus","Monthly Bonus"
"vipDetails_rebateBonus","Rebate Bonus","Rebate Bonus","Rebate Bonus","Rebate Bonus","Rebate Bonus","Rebate Bonus"
"vipDetails_vipBenefits","VIP Benefits","VIP Benefits","VIP Benefits","VIP Benefits","VIP Benefits","VIP Benefits"
"vipDetails_vipRules","VIP Rules","VIP Rules","VIP Rules","VIP Rules","VIP Rules","VIP Rules"
"rebate_detailsOfCheating","Details of Cheating","Details of Cheating","Details of Cheating","Details of Cheating","Details of Cheating","Details of Cheating"
"rebate_rebate","Rebate","Rebate","Rebate","Rebate","Rebate","Rebate"
"rebate_rebateRecord","Rebate Record","Rebate Record","Rebate Record","Rebate Record","Rebate Record","Rebate Record"
"rebate_rebateRate","Rebate Rate","Rebate Rate","Rebate Rate","Rebate Rate","Rebate Rate","Rebate Rate"
"rebate_gameProvider","Game Provider","Game Provider","Game Provider","Game Provider","Game Provider","Game Provider"
"rebate_validBet","Valid Bet","Valid Bet","Valid Bet","Valid Bet","Valid Bet","Valid Bet"
"rebate_rebateBonus","Rebate Bonus","Rebate Bonus","Rebate Bonus","Rebate Bonus","Rebate Bonus","Rebate Bonus"
"vipDetails_totalValidBet","Total Valid Bet","Total Valid Bet","Total Valid Bet","Total Valid Bet","Total Valid Bet","Total Valid Bet"
"vipDetails_totalDeposit","Total Deposit","Total Deposit","Total Deposit","Total Deposit","Total Deposit","Total Deposit"
"rebate_claim","Claim","Claim","Claim","Claim","Claim","Claim"
"rebate_detailsOfRebateRecord","Details of Rebate Record","Details of Rebate Record","Details of Rebate Record","Details of Rebate Record","Details of Rebate Record","Details of Rebate Record"
"messages_emptyRecord","There is no more~","There is no more~","There is no more~","There is no more~","There is no more~","There is no more~"
"user_inviteFriends","Invite Friends","Invite Friends","Invite Friends","Invite Friends","Invite Friends","Invite Friends"
"account","Account","Account","Account","Account","Account","Account"
"phone-or-username","Phone / Username","Phone / Username","Phone / Username","Phone / Username","Phone / Username","Phone / Username"
"accountValidFailText","please input","please input","please input","please input","please input","please input"
"phoneValidFailText","请输入正确的手机号","请输入正确的手机号","请输入正确的手机号","请输入正确的手机号","请输入正确的手机号","请输入正确的手机号"
"passwordPlaceholder","Password","Password","Password","Password","Password","Password"
"phonePlaceholder","Phone","Phone","Phone","Phone","Phone","Phone"
"codePlaceholder","Code","Code","Code","Code","Code","Code"
"codeValidFailText","请输入6位数字","请输入6位数字","请输入6位数字","请输入6位数字","请输入6位数字","请输入6位数字"
"passwordValidFailText","请输入6-20位数字+字母组合密码","请输入6-20位数字+字母组合密码","请输入6-20位数字+字母组合密码","请输入6-20位数字+字母组合密码","请输入6-20位数字+字母组合密码","请输入6-20位数字+字母组合密码"
"forgot","Forgot","Forgot","Forgot","Forgot","Forgot","Forgot"
"signInSignUp","Sign in/Sign Up","Sign in/Sign Up","Sign in/Sign Up","Sign in/Sign Up","Sign in/Sign Up","Sign in/Sign Up"
"signInSignUpCode","Sign in/Sign Up With Verification Code","Sign in/Sign Up With Verification Code","Sign in/Sign Up With Verification Code","Sign in/Sign Up With Verification Code","Sign in/Sign Up With Verification Code","Sign in/Sign Up With Verification Code"
"signInSignUpPassword","Sign in/Sign Up With Password","Sign in/Sign Up With Password","Sign in/Sign Up With Password","Sign in/Sign Up With Password","Sign in/Sign Up With Password","Sign in/Sign Up With Password"
"guest","Guest","Guest","Guest","Guest","Guest","Guest"
"cs","Cs","Cs","Cs","Cs","Cs","Cs"
"moreError","账户或者密码错误多次，已冻结账户，请联系客服","账户或者密码错误多次，已冻结账户，请联系客服","账户或者密码错误多次，已冻结账户，请联系客服","账户或者密码错误多次，已冻结账户，请联系客服","账户或者密码错误多次，已冻结账户，请联系客服","账户或者密码错误多次，已冻结账户，请联系客服"
"confirmPassword","Confirm Password","Confirm Password","Confirm Password","Confirm Password","Confirm Password","Confirm Password"
"next","Next","Next","Next","Next","Next","Next"
"signUp","Sign Up","Sign Up","Sign Up","Sign Up","Sign Up","Sign Up"
"signUpBonus","Sign up Bonus","Sign up Bonus","Sign up Bonus","Sign up Bonus","Sign up Bonus","Sign up Bonus"
"signUpGetCash","Sign up now to get ₱{bonus} cash","Sign up now to get ₱{bonus} cash","Sign up now to get ₱{bonus} cash","Sign up now to get ₱{bonus} cash","Sign up now to get ₱{bonus} cash","Sign up now to get ₱{bonus} cash"
"resetPassword","重置成功，请登录！","重置成功，请登录！","重置成功，请登录！","重置成功，请登录！","重置成功，请登录！","重置成功，请登录！"
"loss","Loss","Loss","Loss","Loss","Loss","Loss"
"win","Win","Win","Win","Win","Win","Win"
"official-sports-entertainment-gateway-of-the-pba","official sports entertainment gateway of the PBA","official sports entertainment gateway of the PBA","official sports entertainment gateway of the PBA","official sports entertainment gateway of the PBA","official sports entertainment gateway of the PBA","official sports entertainment gateway of the PBA"
"licensed-by-pagcor","licensed by PAGCOR","licensed by PAGCOR","licensed by PAGCOR","licensed by PAGCOR","licensed by PAGCOR","licensed by PAGCOR"
"official-sports-entertainment-gateway-of-the-pba-0","official sports entertainment gateway of the PBA","official sports entertainment gateway of the PBA","official sports entertainment gateway of the PBA","official sports entertainment gateway of the PBA","official sports entertainment gateway of the PBA","official sports entertainment gateway of the PBA"
"official-sports-book-partner-of-of-gilas-pilipinas","official sports book partner of of gilas pilipinas","official sports book partner of of gilas pilipinas","official sports book partner of of gilas pilipinas","official sports book partner of of gilas pilipinas","official sports book partner of of gilas pilipinas","official sports book partner of of gilas pilipinas"
